"Series Number","FILE NAME","UUID","Description","HASH"
"41","kim-rich-aunty","3344a73c-f15e-4afd-a1b2-3199e27eb08f","she loves spoiling her nieces and nephew","5feceb66ffc86f38d952786c6d696c79c2dbc239dd4e91b46729d73a27fb57e9"
"42","barbra-vampir-bc","4f31fd99-4918-42a9-a112-fa60ef36d5c6","","6b86b273ff34fce19d6b804eff5a3f5747ada4eaa22f1d49c01e52ddb7875b4b"
"43","jean-art-dolger","5e1105d9-e485-462d-a5bf-1eb931976b13","","d4735e3a265e16eee03f59718b9b5d03019c07d8b6c51f90da3a666eec13ab35"
"44","flora-burger- eater","054dffd1-cdff-417b-b6c2-a679dabd087b","","4e07408562bedb8b60ce05c1decfe3ad16b72230967de01f640b7e4729b49fce"
"45","jessie-lord-rings","caacabe1-0abc-43af-92e2-2231248bff93","","4b227777d4dd1fc61c6f884f48641d02b4d121d3fd328cb08b5531fcacdabf8a"
"46","pinky-monky-ponk","bd6a4b38-543e-40fa-9153-f7e1a947ebb1","","ef2d127de37b942baad06145e54b0c619a1f22327b2ebbcfbec78f5564afe39d"
"47","wanjiru-hippie-glitter","683f0d27-3cb4-4948-b1b5-09f10bee575a","","e7f6c011776e8db7cd330b54174fd76f7d0216b612387a5ffcfb81e6f0919683"
"48","njoki-binary-coder","9b59bdb4-0c6c-4107-9d72-6d38d308edb4","","7902699be42c8a8e46fbbb4501726517e86b22c56a189f7625a6da49081b2451"
"49","wangu-calaba-hustler","67f7da93-3925-4def-b660-58f558c14a19","","2c624232cdd221771294dfbb310aca000a0df6ac8b66b696d90ef06fdefb64a3"
"50","lulu-dey-kpako","23b6c38f-ab84-4565-bfe9-d9eb019c9f29","","19581e27de7ced00ff1ce50b2047e7a567c76b1cbaebabe5ef03f7c3017bb5b7"
"51","kiki-cala-flier","d24aefff-c9fc-4ea9-a7cf-1b741076c822","","4a44dc15364204a80fe80e9039455cc1608281820fe2b24f1e5233ade6af1dd5"
"52","purity-nft -investor","ee86ef77-4793-411a-88d3-ea54d84f6b24","","4fc82b26aecb47d2868c4efbe3581732a3e7cbcc6c2efb32062c08170a05eeb8"
"53","june-binary-monk","102c4cdb-f812-44fd-bf47-5065284c6075","","6b51d431df5d7f141cbececcf79edf3dd861c3b4069f0b11661a3eefacbba918"
"54","aisha-crows-damsel","c4071af3-b49e-4ad6-898b-7828f90465fb","","3fdba35f04dc8c462986c992bcf875546257113072a909c162f7e470e581e278"
"55","bobo-crypto-lovely","427ea0f5-30a3-4d70-a5bd-a6106409b83c","","8527a891e224136950ff32ca212b45bc93f69fbb801c3b1ebedac52775f99e61"
"56","nell-light -embrace","9dfe30b4-c71a-471c-8091-f5c4a238eed8","","e629fa6598d732768f7c726b4b621285f9c3b85303900aa912017db7617d8bdb"
"57","rachel-mood-silent","11450acd-f0d7-406f-bc18-bdb680404845","","b17ef6d19c7a5b1ee83b907c595526dcb1eb06db8227d650d5dda0a9f4ce8cd9"
"58","nana-reflector-agent","63bda633-bfca-4b28-823f-7772936b4103","","4523540f1504cd17100c4835e85b7eefd49911580f8efff0599a8f283be6b9e3"
"59","bree-busy-gossip","4f5898d9-fc99-4053-a56c-b2ec1ef41347","","4ec9599fc203d176a301536c2e091a19bc852759b255bd6818810a42c5fed14a"
"60","jude-shadow-fighter","a47b2ed7-d4aa-4404-ac40-0ecea464cf3f","","9400f1b21cb527d7fa3d3eabba93557a18ebe7a2ca4e471cfe5e4c5b4ca7f767"